0,1
Barack Obama,@BarackObama
Justin Bieber,@justinbieber
KATY PERRY,@katyperry
Rihanna,@rihanna
Cristiano Ronaldo,@Cristiano
Donald J. Trump,@realDonaldTrump
Taylor Swift,@taylorswift13
Lady Gaga,@ladygaga
Ariana Grande,@ArianaGrande
Ellen DeGeneres,@TheEllenShow
YouTube,@YouTube
Kim Kardashian West,@KimKardashian
Justin Timberlake,@jtimberlake
Narendra Modi,@narendramodi
Selena Gomez,@selenagomez
CNN Breaking News,@cnnbrk
Twitter,@Twitter
Britney Spears,@britneyspears
Demi Lovato,@ddlovato
Bill Gates,@BillGates
Shakira,@shakira
jimmy fallon,@jimmyfallon
CNN,@CNN
Neymar Jr,@neymarjr
LeBron James,@KingJames
The New York Times,@nytimes
BBC Breaking News,@BBCBreaking
Miley Ray Cyrus,@MileyCyrus
jlo,@JLo
Amitabh Bachchan,@SrBachchan
Oprah Winfrey,@Oprah
Bruno Mars,@BrunoMars
NASA,@NASA
Salman Khan,@BeingSalmanKhan
Shah Rukh Khan,@iamsrk
Niall Horan,@NiallOfficial
Elon Musk,@elonmusk
Akshay Kumar,@akshaykumar
PMO India,@PMOIndia
Virat Kohli,@imVkohli
Drizzy,@Drake
SportsCenter,@SportsCenter
Kevin Hart,@KevinHart4real
Wiz Khalifa,@wizkhalifa
Kylie Jenner,@KylieJenner
ESPN,@espn
Harry Styles.,@Harry_Styles
Real Madrid C.F.,@realmadrid
Louis Tomlinson,@Louis_Tomlinson
Lil Wayne WEEZY F,@LilTunechi
Instagram,@instagram
FC Barcelona,@FCBarcelona
Sachin Tendulkar,@sachin_rt
Liam,@LiamPayne
President Trump,@POTUS
Chris Brown,@chrisbrown
P!nk,@Pink
NBA,@NBA
UEFA Champions League,@ChampionsLeague
One Direction,@onedirection
ë°©íƒ„ì†Œë…„ë‹¨,@BTS_twt
ye,@kanyewest
Kendall,@KendallJenner
Alicia Keys,@aliciakeys
BBC News (World),@BBCWorld
Hrithik Roshan,@iHrithik
zayn,@zaynmalik
Hillary Clinton,@HillaryClinton
Kaka,@KAKA
Emma Watson,@EmmaWatson
KhloÃ©,@khloekardashian
Conan O'Brien,@ConanOBrien
Deepika Padukone,@deepikapadukone
Adele,@Adele
PRIYANKA,@priyankachopra
Aamir Khan,@aamir_khan
Neil Patrick Harris,@ActuallyNPH
Shawn Mendes,@ShawnMendes
The White House,@WhiteHouse
BTS_official,@bts_bighit
NFL,@NFL
Kourtney Kardashian,@kourtneykardash
Pitbull,@pitbull
Mesut Ã–zil,@MesutOzil1088
The Economist,@TheEconomist
AndrÃ©s Iniesta,@andresiniesta8
daniel tosh,@danieltosh
National Geographic,@NatGeo
Premier League,@premierleague
Amit Shah,@AmitShah
Manchester United,@ManUtd
A.R.Rahman,@arrahman
Coldplay,@coldplay
Marshall Mathers,@Eminem
Reuters,@Reuters
Google,@Google
Anushka Sharma,@AnushkaSharma
Mariah Carey,@MariahCarey
Mrs. Petty,@NICKIMINAJ
Virender Sehwag,@virendersehwag
Arvind Kejriwal,@ArvindKejriwal
Avril Lavigne,@AvrilLavigne
Joe Biden,@JoeBiden
Alia Bhatt,@aliaa08
David Guetta,@davidguetta
PlayStation,@PlayStation
Ricky Martin,@ricky_martin
Blake Shelton,@blakeshelton
Fox News,@FoxNews
Ø§Ù„Ø¹Ø±Ø¨ÙŠØ© Ø¹Ø§Ø¬Ù„,@AlArabiya_Brk
Ø¯. Ù…Ø­Ù…Ø¯ Ø§Ù„Ø¹Ø±ÙŠÙÙŠ,@MohamadAlarefe
Gerard PiquÃ©,@3gerardpique
Ronaldinho GaÃºcho,@10Ronaldinho
Alejandro Sanz,@AlejandroSanz
Ø¯. Ø¹Ø§Ø¦Ø¶ Ø§Ù„Ù‚Ø±Ù†ÙŠ,@Dr_alqarnee
Leonardo DiCaprio,@LeoDiCaprio
Dalai Lama,@DalaiLama
CNN en EspaÃ±ol,@CNNEE
Whindersson Nunes,@whindersson
Stephen Colbert,@StephenAtHome
Snoop Dogg,@SnoopDogg
Rajnath Singh,@rajnathsingh
James RodrÃ­guez,@jamesdrodriguez
Jim Carrey,@JimCarrey
Pope Francis,@Pontifex
Gareth Bale,@GarethBale11
Kevin Durant,@KDTrey5
Michelle Obama,@MichelleObama
Papa Francisco,@Pontifex_es
Zendaya,@Zendaya
The Wall Street Journal,@WSJ
BigHit Entertainment,@BigHitEnt
Ø£Ø­Ù…Ø¯ Ø§Ù„Ø´Ù‚ÙŠØ±ÙŠ,@shugairi
Anupam Kher,@AnupamPKher
Sergio Ramos,@SergioRamos
Ed Sheeran,@edsheeran
Rohit Sharma,@ImRo45
AGNEZ MO,@agnezmo
Suresh RainağŸ‡®ğŸ‡³,@ImRaina
TIME,@TIME
Kapil Sharma,@KapilSharmaK9
ashton kutcher,@aplusk
Radamel Falcao,@FALCAO
Karan Johar,@karanjohar
Recep Tayyip ErdoÄŸan,@RTErdogan
Wayne Rooney,@WayneRooney
Danilo Gentili,@DaniloGentili
Ivete Sangalo,@ivetesangalo
The Washington Post,@washingtonpost
Christina Aguilera,@xtina
Ryan Reynolds,@VancityReynolds
Rahul Gandhi,@RahulGandhi
Paris Hilton,@ParisHilton
9GAG,@9GAG
Arsenal,@Arsenal
Tom Hanks,@tomhanks
Luis Suarez,@LuisSuarez9
Forbes,@Forbes
detikcom,@detikcom
MTV,@MTV
Melania Trump,@FLOTUS
ABC News,@ABC
Liverpool FC,@LFC
FC Barcelona,@FCBarcelona_es
raditya dika,@radityadika
BEYONCÃ‰,@Beyonce
Ù‚Ù†Ø§Ø© Ø§Ù„Ø¬Ø²ÙŠØ±Ø©,@AJArabic
Rafa Nadal,@RafaelNadal
elrubius,@Rubiu5
Diddy,@Diddy
Chelsea FC,@ChelseaFC
Zac Efron,@ZacEfron
Robert Downey Jr,@RobertDowneyJr
iamcardib,@iamcardib
SHAQ,@SHAQ
Paulo Coelho,@paulocoelho
Ryan Seacrest,@RyanSeacrest
Abhishek Bachchan,@juniorbachchan
Cameron Dallas,@camerondallas
Kobe Bryant,@kobebryant
Shahid Kapoor,@shahidkapoor
Xbox,@Xbox
Elissa,@elissakh
Nancy Ajram,@NancyAjram
Arun Jaitley,@arunjaitley
Twitter Sports,@TwitterSports
BJP,@BJP4India
Dwayne Johnson,@TheRock
Joko Widodo,@jokowi
The Associated Press,@AP
Jacqueline Fernandez,@Asli_Jacqueline
Cem YÄ±lmaz,@CMYLMZ
Stephen Curry,@StephenCurry30
Lata Mangeshkar,@mangeshkarlata
Twitter Latin America,@TwitterLatAm
Claudia Leitte â˜€ï¸ Sol a Sol - 10.12,@ClaudiaLeitte
President Obama,@POTUS44
Ù…Ø´Ø§Ø±ÙŠ Ø±Ø§Ø´Ø¯ Ø§Ù„Ø¹ÙØ§Ø³ÙŠ,@Alafasy
Maroon 5,@maroon5
Sean Don,@BigSean
Ricky Gervais,@rickygervais
Nick Jonas,@nickjonas
Ø§ Ù„Ù€ Ù€Ø¹Ù€ Ù€Ø± Ø¨Ù€ Ù€ÙŠÙ€ Ù€Ø©,@AlArabiya
Hugh Jackman,@RealHughJackman
Neil deGrasse Tyson,@neiltyson
J.K. Rowling,@jk_rowling
Chris Evans,@ChrisEvans
Tyra Banks,@tyrabanks
Twitter Video,@TwitterVideo
NDTV,@ndtv
Enrique Iglesias,@enriqueiglesias
Daddy Yankee,@daddy_yankee
John Legend,@johnlegend
Bernie Sanders,@BernieSanders
Seth MacFarlane,@SethMacFarlane
Trey Songz,@TreySongz
Ajay Devgn,@ajaydevgn
Parineeti Chopra,@ParineetiChopra
Sergio Kun Aguero,@aguerosergiokun
Anne Curtis-Smith,@annecurtissmith
jose marie viceral,@vicegandako
FIFA.com,@FIFAcom
h,@halsey
Ranveer Singh,@RanveerOfficial
Vogue Magazine,@voguemagazine
UberFacts,@UberFacts
J. Cole,@JColeNC
Ø£Ø®Ø¨Ø§Ø± Ø§Ù„Ø³Ø¹ÙˆØ¯ÙŠØ©,@SaudiNews50
CGTN,@CGTNOfficial
The Weeknd,@theweeknd
Shraddha,@ShraddhaKapoor
SpaceX,@SpaceX
Gusttavo Lima,@gusttavo_lima
Mohamed Salah,@MoSalah
chrissy teigen,@chrissyteigen
Funny Or Die,@funnyordie
Marcos Mion,@marcosmion
Facebook,@Facebook
ØµØ­ÙŠÙØ© Ø³Ø¨Ù‚ Ø§Ù„Ø¥Ù„ÙƒØªØ±ÙˆÙ†ÙŠØ©,@sabqorg
The Times Of India,@timesofindia
United Nations,@UN
Sonam K Ahuja,@sonamakapoor
Ø³Ù„Ù…Ø§Ù† Ø§Ù„Ø¹ÙˆØ¯Ø© (Ù…Ø¹ØªÙ‚Ù„),@salman_alodah
Vine Creators,@VineCreators
CHANEL,@CHANEL
Luciano Huck,@LucianoHuck
Akhilesh Yadav,@yadavakhilesh
BCCI,@BCCI
Mark,@markiplier
David de Gea,@D_DeGea
Sushma Swaraj,@SushmaSwaraj
Imran Khan,@ImranKhanPTI
Kamala Harris,@KamalaHarris
Bill Clinton,@BillClinton
Ramalan No.1 di Indonesia,@TweetRAMALAN
Chetan Bhagat,@chetan_bhagat
Roger Federer,@rogerfederer
Felipe Neto #TheTrator25,@felipeneto
White House Archived,@ObamaWhiteHouse
Ashley Tisdale,@ashleytisdale
John Cena,@JohnCena
Stephen Fry,@stephenfry
5 Seconds of Summer,@5SOS
UberSocial,@UberSoc
Richard Branson,@richardbranson
China Xinhua News,@XHNews
Farhan Akhtar,@FarOutAkhtar
Angel Locsin,@143redangel
Sarah Silverman,@SarahKSilverman
50cent,@50cent
will.i.am,@iamwill
Globo em ğŸ ,@RedeGlobo
Anitta,@Anitta
Kiran Bedi,@thekiranbedi
Tim Cook,@tim_cook
Kelly Clarkson,@kellyclarkson
Samsung Mobile,@SamsungMobile
Calvin Harris,@CalvinHarris
Victoria Beckham,@victoriabeckham
Usher Raymond IV,@Usher
Yogi Adityanath,@myogiadityanath
Fortnite,@FortniteGame
CNN Ø¨Ø§Ù„Ø¹Ø±Ø¨ÙŠØ©,@cnnarabic
camila,@Camila_Cabello
Marcelotwelve,@MarceloM12
Ø§Ù„ÙˆÙ„ÙŠØ¯ Ø¨Ù† Ø·Ù„Ø§Ù„,@Alwaleed_Talal
Jimmy Kimmel,@jimmykimmel
President of India,@rashtrapatibhvn
Carles Puyol,@Carles5puyol
Cinema XXI,@cinema21
luna maya,@LunaMaya26
G1,@g1
Little Mix,@LittleMix
Twitter Music,@TwitterMusic
VarunDhawan,@Varun_dvn
Mindy Kaling,@mindykaling
Karim Benzema,@Benzema
